System;Station;Commodity;Sell;Buy;Demand;;Supply;;Date;
Teaka;Gregory City;Explosives;179;194;;;998854;High;2015-01-19T00:49:03+00:00;
Teaka;Gregory City;Hydrogen Fuel;107;112;;;935431;Med;2015-01-19T00:49:03+00:00;
Teaka;Gregory City;Mineral Oil;326;;17905916;High;;;2015-01-19T00:49:03+00:00;
Teaka;Gregory City;Clothing;458;;525193;Med;;;2015-01-19T00:49:03+00:00;
Teaka;Gregory City;Consumer Technology;7520;;79222;High;;;2015-01-19T00:49:03+00:00;
Teaka;Gregory City;Domestic Appliances;691;;143275;Med;;;2015-01-19T00:49:03+00:00;
Teaka;Gregory City;Animal Meat;1635;;157293;High;;;2015-01-19T00:49:03+00:00;
Teaka;Gregory City;Coffee;1628;;38706;High;;;2015-01-19T00:49:03+00:00;
Teaka;Gregory City;Fish;584;;440578;High;;;2015-01-19T00:49:03+00:00;
Teaka;Gregory City;Food Cartridges;142;;7368;Low;;;2015-01-19T00:49:03+00:00;
Teaka;Gregory City;Fruit and Vegetables;360;;66837;Med;;;2015-01-19T00:49:03+00:00;
Teaka;Gregory City;Grain;319;;825344;Med;;;2015-01-19T00:49:03+00:00;
Teaka;Gregory City;Synthetic Meat;380;;83953;Med;;;2015-01-19T00:49:03+00:00;
Teaka;Gregory City;Tea;1835;;142666;High;;;2015-01-19T00:49:03+00:00;
Teaka;Gregory City;Polymers;63;76;;;3023286;Med;2015-01-19T00:49:09+00:00;
Teaka;Gregory City;Semiconductors;761;789;;;409306;Med;2015-01-19T00:49:09+00:00;
Teaka;Gregory City;Superconductors;6052;6179;;;1209825;High;2015-01-19T00:49:09+00:00;
Teaka;Gregory City;Beer;296;;582613;High;;;2015-01-19T00:49:09+00:00;
Teaka;Gregory City;Liquor;855;;36471;High;;;2015-01-19T00:49:09+00:00;
Teaka;Gregory City;Wine;392;;717191;High;;;2015-01-19T00:49:09+00:00;
Teaka;Gregory City;Microbial Furnaces;325;;16195632;High;;;2015-01-19T00:49:09+00:00;
Teaka;Gregory City;Power Generators;636;;746779;Med;;;2015-01-19T00:49:09+00:00;
Teaka;Gregory City;Water Purifiers;301;;51279;Low;;;2015-01-19T00:49:09+00:00;
Teaka;Gregory City;Basic Medicines;316;;7131;Low;;;2015-01-19T00:49:09+00:00;
Teaka;Gregory City;Performance Enhancers;7520;;110030;High;;;2015-01-19T00:49:09+00:00;
Teaka;Gregory City;Progenitor Cells;7462;;42023;High;;;2015-01-19T00:49:09+00:00;
Teaka;Gregory City;Aluminium;192;208;;;1698231;High;2015-01-19T00:49:09+00:00;
Teaka;Gregory City;Beryllium;7476;7631;;;1082548;High;2015-01-19T00:49:16+00:00;
Teaka;Gregory City;Copper;313;330;;;1133517;High;2015-01-19T00:49:16+00:00;
Teaka;Gregory City;Gallium;4871;4974;;;1069796;Med;2015-01-19T00:49:16+00:00;
Teaka;Gregory City;00L0;9209;9301;;;86810;Med;2015-01-19T00:49:16+00:00;
Teaka;Gregory City;Indium;5314;5426;;;1301307;High;2015-01-19T00:49:16+00:00;
Teaka;Gregory City;Lithium;1336;1382;;;3103919;Med;2015-01-19T00:49:16+00:00;
Teaka;Gregory City;Silver;4547;4644;;;108528;Med;2015-01-19T00:49:16+00:00;
Teaka;Gregory City;Tantalum;3706;3785;;;1258927;Med;2015-01-19T00:49:16+00:00;
Teaka;Gregory City;Titanium;776;804;;;6088796;High;2015-01-19T00:49:16+00:00;
Teaka;Gregory City;Uranium;2445;2498;;;1711644;Med;2015-01-19T00:49:16+00:00;
Teaka;Gregory City;Bauxite;272;;2567624;High;;;2015-01-19T00:49:16+00:00;
Teaka;Gregory City;Bertrandite;2946;;36035;High;;;2015-01-19T00:49:16+00:00;
Teaka;Gregory City;Coltan;1733;;5082058;High;;;2015-01-19T00:49:16+00:00;
Teaka;Gregory City;Gallite;2316;;3884705;High;;;2015-01-19T00:49:16+00:00;
Teaka;Gregory City;Indite;2509;;444309;Med;;;2015-01-19T00:49:16+00:00;
Teaka;Gregory City;Lepidolite;759;;1288183;Med;;;2015-01-19T00:49:16+00:00;
Teaka;Gregory City;Rutile;493;;9130745;High;;;2015-01-19T00:49:21+00:00;
Teaka;Gregory City;Uraninite;1161;;1067742;High;;;2015-01-19T00:49:21+00:00;
Teaka;Gregory City;Advanced Catalysers;3340;;2904915;High;;;2015-01-19T00:49:21+00:00;
Teaka;Gregory City;H.E. Suits;422;;3338092;High;;;2015-01-19T00:49:21+00:00;
Teaka;Gregory City;Resonating Separators;6566;;1570040;High;;;2015-01-19T00:49:21+00:00;
Teaka;Gregory City;Synthetic Fabrics;90;102;;;2509948;Med;2015-01-19T00:49:21+00:00;
Teaka;Gregory City;Biowaste;15;20;;;41911;Med;2015-01-19T00:49:21+00:00;
Teaka;Gregory City;Chemical Waste;108;;588454;High;;;2015-01-19T00:49:21+00:00;
Teaka;Gregory City;Scrap;110;;687706;Med;;;2015-01-19T00:49:21+00:00;
Teaka;Gregory City;Non-Lethal Weapons;1852;;998;Med;;;2015-01-19T00:49:21+00:00;
Teaka;Gregory City;Reactive Armour;2014;;1662;Low;;;2015-01-19T00:49:21+00:00;
Teaka;Land Dock;Explosives;188;203;;;759080;Med;2015-01-27T01:46:17+00:00;
Teaka;Land Dock;Hydrogen Fuel;106;112;;;765491;Med;2015-01-27T01:46:17+00:00;
Teaka;Land Dock;Mineral Oil;325;;4403604;High;;;2015-01-27T01:46:17+00:00;
Teaka;Land Dock;Clothing;453;;398318;Med;;;2015-01-27T01:46:17+00:00;
Teaka;Land Dock;Consumer Technology;7510;;61605;High;;;2015-01-27T01:46:17+00:00;
Teaka;Land Dock;Domestic Appliances;678;;105393;Med;;;2015-01-27T01:46:17+00:00;
Teaka;Land Dock;Animal Meat;1632;;122131;High;;;2015-01-27T01:46:17+00:00;
Teaka;Land Dock;Coffee;1623;;29915;High;;;2015-01-27T01:46:17+00:00;
Teaka;Land Dock;Fish;583;;342340;High;;;2015-01-27T01:46:17+00:00;
Teaka;Land Dock;Food Cartridges;142;;5729;Low;;;2015-01-27T01:46:17+00:00;
Teaka;Land Dock;Fruit and Vegetables;327;;35118;Low;;;2015-01-27T01:46:17+00:00;
Teaka;Land Dock;Grain;311;;613644;Med;;;2015-01-27T01:46:17+00:00;
Teaka;Land Dock;Synthetic Meat;375;;63471;Med;;;2015-01-27T01:46:17+00:00;
Teaka;Land Dock;Tea;1832;;110766;High;;;2015-01-27T01:46:17+00:00;
Teaka;Land Dock;Polymers;63;76;;;2490090;Med;2015-01-27T01:46:25+00:00;
Teaka;Land Dock;Semiconductors;759;788;;;337119;Med;2015-01-27T01:46:25+00:00;
Teaka;Land Dock;Superconductors;6088;6216;;;947133;High;2015-01-27T01:46:25+00:00;
Teaka;Land Dock;Beer;293;;445769;Med;;;2015-01-27T01:46:25+00:00;
Teaka;Land Dock;Liquor;853;;28359;High;;;2015-01-27T01:46:25+00:00;
Teaka;Land Dock;Wine;390;;553341;High;;;2015-01-27T01:46:25+00:00;
Teaka;Land Dock;Microbial Furnaces;323;;13183981;High;;;2015-01-27T01:46:25+00:00;
Teaka;Land Dock;Power Generators;613;;542018;Med;;;2015-01-27T01:46:25+00:00;
Teaka;Land Dock;Water Purifiers;301;;42217;Low;;;2015-01-27T01:46:25+00:00;
Teaka;Land Dock;Basic Medicines;316;;5545;Low;;;2015-01-27T01:46:25+00:00;
Teaka;Land Dock;Performance Enhancers;7510;;85561;High;;;2015-01-27T01:46:25+00:00;
Teaka;Land Dock;Progenitor Cells;7435;;32235;High;;;2015-01-27T01:46:25+00:00;
Teaka;Land Dock;Aluminium;233;252;;;847907;Med;2015-01-27T01:46:25+00:00;
Teaka;Land Dock;Beryllium;7897;8062;;;58739;Med;2015-01-27T01:46:25+00:00;
Teaka;Land Dock;Cobalt;574;604;;;413737;Med;2015-01-27T01:46:29+00:00;
Teaka;Land Dock;Copper;312;330;;;9069573;High;2015-01-27T01:46:29+00:00;
Teaka;Land Dock;Gallium;4898;5001;;;842798;Med;2015-01-27T01:46:29+00:00;
Teaka;Land Dock;Gold;9197;9289;;;71501;Med;2015-01-27T01:46:29+00:00;
Teaka;Land Dock;Indium;5372;5485;;;1010295;High;2015-01-27T01:46:29+00:00;
Teaka;Land Dock;Lithium;1399;1448;;;211976;Med;2015-01-27T01:46:29+00:00;
Teaka;Land Dock;Silver;4541;4637;;;89387;Med;2015-01-27T01:46:29+00:00;
Teaka;Land Dock;Tantalum;3701;3780;;;104710;Med;2015-01-27T01:46:29+00:00;
Teaka;Land Dock;Titanium;775;803;;;4925724;High;2015-01-27T01:46:29+00:00;
Teaka;Land Dock;Uranium;2441;2494;;;140465;Med;2015-01-27T01:46:29+00:00;
Teaka;Land Dock;Bauxite;245;;5336934;Med;;;2015-01-27T01:46:29+00:00;
Teaka;Land Dock;Bertrandite;2864;;345838;Med;;;2015-01-27T01:46:29+00:00;
Teaka;Land Dock;Coltan;1718;;610306;High;;;2015-01-27T01:46:29+00:00;
Teaka;Land Dock;Gallite;2310;;3187860;High;;;2015-01-27T01:46:29+00:00;
Teaka;Land Dock;Indite;2596;;2840062;High;;;2015-01-27T01:46:29+00:00;
Teaka;Land Dock;Lepidolite;746;;1011595;Med;;;2015-01-27T01:46:29+00:00;
Teaka;Land Dock;Rutile;492;;7507380;High;;;2015-01-27T01:46:32+00:00;
Teaka;Land Dock;Uraninite;1168;;5987621;High;;;2015-01-27T01:46:32+00:00;
Teaka;Land Dock;Advanced Catalysers;3335;;2391544;High;;;2015-01-27T01:46:32+00:00;
Teaka;Land Dock;H.E. Suits;413;;876387;High;;;2015-01-27T01:46:32+00:00;
Teaka;Land Dock;Resonating Separators;6145;;123388;Med;;;2015-01-27T01:46:32+00:00;
Teaka;Land Dock;Synthetic Fabrics;97;110;;;1844917;Med;2015-01-27T01:46:32+00:00;
Teaka;Land Dock;Biowaste;15;20;;;34505;Med;2015-01-27T01:46:32+00:00;
Teaka;Land Dock;Chemical Waste;108;;457591;High;;;2015-01-27T01:46:32+00:00;
Teaka;Land Dock;Scrap;107;;539769;Med;;;2015-01-27T01:46:32+00:00;
Teaka;Land Dock;Non-Lethal Weapons;1769;;475;Low;;;2015-01-27T01:46:32+00:00;
Teaka;Land Dock;Reactive Armour;2011;;1293;Low;;;2015-01-27T01:46:32+00:00;
Teaka;Chaudhary Dock;Hydrogen Fuel;143;;838981;Med;;;2015-01-27T01:55:14+00:00;
Teaka;Chaudhary Dock;Mineral Oil;94;106;;;42844;Med;2015-01-27T01:55:14+00:00;
Teaka;Chaudhary Dock;Clothing;456;;2360031;Med;;;2015-01-27T01:55:14+00:00;
Teaka;Chaudhary Dock;Consumer Technology;7424;;335260;Med;;;2015-01-27T01:55:14+00:00;
Teaka;Chaudhary Dock;Domestic Appliances;705;;688398;Med;;;2015-01-27T01:55:14+00:00;
Teaka;Chaudhary Dock;Algae;34;46;;;8344;Med;2015-01-27T01:55:14+00:00;
Teaka;Chaudhary Dock;Animal Meat;1083;1121;;;1254;Med;2015-01-27T01:55:14+00:00;
Teaka;Chaudhary Dock;Coffee;1083;1122;;;1252;Med;2015-01-27T01:55:14+00:00;
Teaka;Chaudhary Dock;Fish;282;298;;;1783;Med;2015-01-27T01:55:14+00:00;
Teaka;Chaudhary Dock;Fruit and Vegetables;208;225;;;122407;Med;2015-01-27T01:55:14+00:00;
Teaka;Chaudhary Dock;Grain;122;137;;;237717;Med;2015-01-27T01:55:14+00:00;
Teaka;Chaudhary Dock;Tea;1385;1434;;;715;Med;2015-01-27T01:55:14+00:00;
Teaka;Chaudhary Dock;Beer;83;98;;;55908;Med;2015-01-27T01:55:14+00:00;
Teaka;Chaudhary Dock;Liquor;550;580;;;2;Med;2015-01-27T01:55:14+00:00;
Teaka;Chaudhary Dock;Narcotics;77;90;;;752;Med;2015-01-27T01:55:27+00:00;
Teaka;Chaudhary Dock;Tobacco;4425;4518;;;23595;Med;2015-01-27T01:55:27+00:00;
Teaka;Chaudhary Dock;Wine;165;179;;;35839;Med;2015-01-27T01:55:27+00:00;
Teaka;Chaudhary Dock;Atmospheric Processors;559;;1801162;Med;;;2015-01-27T01:55:27+00:00;
Teaka;Chaudhary Dock;Crop Harvesters;2247;;40466;Med;;;2015-01-27T01:55:27+00:00;
Teaka;Chaudhary Dock;Marine Equipment;4127;;384;Low;;;2015-01-27T01:55:27+00:00;
Teaka;Chaudhary Dock;Power Generators;528;;207;Low;;;2015-01-27T01:55:27+00:00;
Teaka;Chaudhary Dock;Water Purifiers;301;;364;Low;;;2015-01-27T01:55:27+00:00;
Teaka;Chaudhary Dock;Agri-Medicines;1006;;1172;Low;;;2015-01-27T01:55:27+00:00;
Teaka;Chaudhary Dock;Basic Medicines;325;;40101;Low;;;2015-01-27T01:55:27+00:00;
Teaka;Chaudhary Dock;Combat Stabilisers;2819;;2334;Low;;;2015-01-27T01:55:27+00:00;
Teaka;Chaudhary Dock;Performance Enhancers;7424;;231095;Med;;;2015-01-27T01:55:27+00:00;
Teaka;Chaudhary Dock;Progenitor Cells;7409;;183868;Med;;;2015-01-27T01:55:27+00:00;
Teaka;Chaudhary Dock;Imperial Slaves;17313;;1035;High;;;2015-01-27T01:55:27+00:00;
Teaka;Chaudhary Dock;Animal Monitors;301;;3626;Low;;;2015-01-27T01:57:07+00:00;
Teaka;Chaudhary Dock;Aquaponic Systems;366;;85859;Med;;;2015-01-27T01:57:07+00:00;
Teaka;Chaudhary Dock;Land Enrichment Systems;4711;;1714;Low;;;2015-01-27T01:57:07+00:00;
Teaka;Chaudhary Dock;Leather;76;90;;;4966;Med;2015-01-27T01:57:07+00:00;
Teaka;Chaudhary Dock;Natural Fabrics;281;297;;;17946;Med;2015-01-27T01:57:07+00:00;
Teaka;Chaudhary Dock;Biowaste;94;;11140731;Med;;;2015-01-27T01:57:07+00:00;
Teaka;Chaudhary Dock;Non-Lethal Weapons;2060;;8611;Med;;;2015-01-27T01:57:07+00:00;
Teaka;Chaudhary Dock;Personal Weapons;4768;;67259;High;;;2015-01-27T01:57:07+00:00;
Teaka;Chaudhary Dock;Reactive Armour;2258;;20085;Med;;;2015-01-27T01:57:07+00:00;
Teaka;Chapman Orbital;Explosives;169;183;;;910897;High;2015-01-27T02:08:22+00:00;
Teaka;Chapman Orbital;Hydrogen Fuel;101;106;;;918589;Med;2015-01-27T02:08:22+00:00;
Teaka;Chapman Orbital;Mineral Oil;312;;4102549;Med;;;2015-01-27T02:08:22+00:00;
Teaka;Chapman Orbital;Clothing;434;;359675;Med;;;2015-01-27T02:08:22+00:00;
Teaka;Chapman Orbital;Consumer Technology;7424;;57498;High;;;2015-01-27T02:08:22+00:00;
Teaka;Chapman Orbital;Domestic Appliances;647;;91148;Med;;;2015-01-27T02:08:22+00:00;
Teaka;Chapman Orbital;Animal Meat;1600;;113769;Med;;;2015-01-27T02:08:22+00:00;
Teaka;Chapman Orbital;Coffee;1589;;27701;Med;;;2015-01-27T02:08:22+00:00;
Teaka;Chapman Orbital;Fish;567;;319205;Med;;;2015-01-27T02:08:22+00:00;
Teaka;Chapman Orbital;Food Cartridges;142;;764;Low;;;2015-01-27T02:08:22+00:00;
Teaka;Chapman Orbital;Fruit and Vegetables;316;;12565;Low;;;2015-01-27T02:08:22+00:00;
Teaka;Chapman Orbital;Grain;293;;538970;Med;;;2015-01-27T02:08:22+00:00;
Teaka;Chapman Orbital;Synthetic Meat;357;;57067;Med;;;2015-01-27T02:08:22+00:00;
Teaka;Chapman Orbital;Tea;1797;;103173;Med;;;2015-01-27T02:08:22+00:00;
Teaka;Chapman Orbital;Polymers;55;67;;;2988108;Med;2015-01-27T02:08:27+00:00;
Teaka;Chapman Orbital;Semiconductors;717;743;;;404542;Med;2015-01-27T02:08:27+00:00;
Teaka;Chapman Orbital;Superconductors;6044;6171;;;1136560;High;2015-01-27T02:08:27+00:00;
Teaka;Chapman Orbital;Beer;279;;407321;Med;;;2015-01-27T02:08:27+00:00;
Teaka;Chapman Orbital;Liquor;833;;26467;Med;;;2015-01-27T02:08:27+00:00;
Teaka;Chapman Orbital;Narcotics;176;;72;Low;;;2015-01-27T02:08:27+00:00;
Teaka;Chapman Orbital;Tobacco;4926;;18545;Med;;;2015-01-27T02:08:27+00:00;
Teaka;Chapman Orbital;Wine;376;;511225;Med;;;2015-01-27T02:08:27+00:00;
Teaka;Chapman Orbital;Microbial Furnaces;308;;1207950;Med;;;2015-01-27T02:08:27+00:00;
Teaka;Chapman Orbital;Power Generators;570;;396053;Med;;;2015-01-27T02:08:27+00:00;
Teaka;Chapman Orbital;Water Purifiers;301;;5629;Low;;;2015-01-27T02:08:27+00:00;
Teaka;Chapman Orbital;Basic Medicines;316;;739;Low;;;2015-01-27T02:08:27+00:00;
Teaka;Chapman Orbital;Combat Stabilisers;2782;;45;Low;;;2015-01-27T02:08:27+00:00;
Teaka;Chapman Orbital;Performance Enhancers;7424;;79857;High;;;2015-01-27T02:08:30+00:00;
Teaka;Chapman Orbital;Progenitor Cells;7335;;29555;Med;;;2015-01-27T02:08:35+00:00;
Teaka;Chapman Orbital;Aluminium;214;231;;;1017488;Med;2015-01-27T02:08:35+00:00;
Teaka;Chapman Orbital;Beryllium;7696;7856;;;70486;Med;2015-01-27T02:08:35+00:00;
Teaka;Chapman Orbital;Cobalt;539;567;;;496484;Med;2015-01-27T02:08:35+00:00;
Teaka;Chapman Orbital;Copper;312;330;;;1088348;High;2015-01-27T02:08:35+00:00;
Teaka;Chapman Orbital;Gallium;4750;4850;;;1011357;Med;2015-01-27T02:08:35+00:00;
Teaka;Chapman Orbital;Gold;8973;9062;;;85801;Med;2015-01-27T02:08:35+00:00;
Teaka;Chapman Orbital;Indium;5290;5401;;;1212355;High;2015-01-27T02:08:35+00:00;
Teaka;Chapman Orbital;Lithium;1335;1381;;;254371;Med;2015-01-27T02:08:35+00:00;
Teaka;Chapman Orbital;Silver;4401;4494;;;107264;Med;2015-01-27T02:08:35+00:00;
Teaka;Chapman Orbital;Tantalum;3578;3655;;;125652;Med;2015-01-27T02:08:35+00:00;
Teaka;Chapman Orbital;Titanium;775;803;;;5910869;High;2015-01-27T02:08:35+00:00;
Teaka;Chapman Orbital;Uranium;2348;2399;;;168558;Med;2015-01-27T02:08:35+00:00;
Teaka;Chapman Orbital;Bauxite;227;;4624744;Med;;;2015-01-27T02:08:35+00:00;
Teaka;Chapman Orbital;Bertrandite;2799;;309179;Med;;;2015-01-27T02:08:35+00:00;
Teaka;Chapman Orbital;Coltan;1682;;564505;Med;;;2015-01-27T02:08:40+00:00;
Teaka;Chapman Orbital;Gallite;2268;;2958147;Med;;;2015-01-27T02:08:40+00:00;
Teaka;Chapman Orbital;Indite;2549;;2625936;Med;;;2015-01-27T02:08:40+00:00;
Teaka;Chapman Orbital;Lepidolite;713;;869676;Med;;;2015-01-27T02:08:40+00:00;
Teaka;Chapman Orbital;Rutile;477;;6988434;Med;;;2015-01-27T02:08:40+00:00;
Teaka;Chapman Orbital;Uraninite;1142;;5580728;Med;;;2015-01-27T02:08:40+00:00;
Teaka;Chapman Orbital;Imperial Slaves;17313;;127686;High;;;2015-01-27T02:08:40+00:00;
Teaka;Chapman Orbital;Advanced Catalysers;3285;;2232107;High;;;2015-01-27T02:08:40+00:00;
Teaka;Chapman Orbital;H.E. Suits;397;;803382;Med;;;2015-01-27T02:08:40+00:00;
Teaka;Chapman Orbital;Resonating Separators;5972;;93297;Med;;;2015-01-27T02:08:40+00:00;
Teaka;Chapman Orbital;Synthetic Fabrics;85;97;;;2213900;High;2015-01-27T02:08:40+00:00;
Teaka;Chapman Orbital;Biowaste;13;17;;;41406;Med;2015-01-27T02:08:40+00:00;
Teaka;Chapman Orbital;Chemical Waste;102;;427085;High;;;2015-01-27T02:08:40+00:00;
Teaka;Chapman Orbital;Scrap;99;;463945;Med;;;2015-01-27T02:08:43+00:00;
Teaka;Chapman Orbital;Non-Lethal Weapons;1769;;63;Low;;;2015-01-27T02:08:43+00:00;
Teaka;Chapman Orbital;Personal Weapons;4768;;11536;Low;;;2015-01-27T02:08:43+00:00;
Teaka;Chapman Orbital;Reactive Armour;2011;;172;Low;;;2015-01-27T02:08:43+00:00;
Nisgayo;Bosch City;Explosives;190;204;;;66954;Med;2015-01-27T03:14:46+00:00;
Nisgayo;Bosch City;Hydrogen Fuel;101;106;;;155744;Med;2015-01-27T03:14:46+00:00;
Nisgayo;Bosch City;Mineral Oil;274;;108017;Med;;;2015-01-27T03:14:46+00:00;
Nisgayo;Bosch City;Pesticides;106;117;;;13257;High;2015-01-27T03:14:46+00:00;
Nisgayo;Bosch City;Clothing;317;;9591;Low;;;2015-01-27T03:14:46+00:00;
Nisgayo;Bosch City;Consumer Technology;6863;;1004;Med;;;2015-01-27T03:14:46+00:00;
Nisgayo;Bosch City;Domestic Appliances;529;;796;Low;;;2015-01-27T03:14:46+00:00;
Nisgayo;Bosch City;Animal Meat;1574;;11909;Med;;;2015-01-27T03:14:46+00:00;
Nisgayo;Bosch City;Coffee;1544;;5840;Med;;;2015-01-27T03:14:46+00:00;
Nisgayo;Bosch City;Fish;562;;41146;Med;;;2015-01-27T03:14:46+00:00;
Nisgayo;Bosch City;Food Cartridges;142;;448;Low;;;2015-01-27T03:14:46+00:00;
Nisgayo;Bosch City;Fruit and Vegetables;317;;880;Low;;;2015-01-27T03:14:46+00:00;
Nisgayo;Bosch City;Grain;208;;3813;Low;;;2015-01-27T03:14:46+00:00;
Nisgayo;Bosch City;Synthetic Meat;166;180;;;7665;Med;2015-01-27T03:14:46+00:00;
Nisgayo;Bosch City;Tea;1770;;11453;Med;;;2015-01-27T03:14:46+00:00;
Nisgayo;Bosch City;Polymers;55;66;;;102427;Med;2015-01-27T03:14:53+00:00;
Nisgayo;Bosch City;Semiconductors;719;741;;;13867;Med;2015-01-27T03:14:53+00:00;
Nisgayo;Bosch City;Superconductors;6982;;66735;Med;;;2015-01-27T03:14:53+00:00;
Nisgayo;Bosch City;Beer;200;;29732;Med;;;2015-01-27T03:14:53+00:00;
Nisgayo;Bosch City;Liquor;835;;6296;Med;;;2015-01-27T03:14:53+00:00;
Nisgayo;Bosch City;Wine;317;;40111;Med;;;2015-01-27T03:14:53+00:00;
Nisgayo;Bosch City;Microbial Furnaces;110;123;;;1483989;Med;2015-01-27T03:14:53+00:00;
Nisgayo;Bosch City;Power Generators;529;;1527;Low;;;2015-01-27T03:14:53+00:00;
Nisgayo;Bosch City;Water Purifiers;302;;964;Low;;;2015-01-27T03:14:53+00:00;
Nisgayo;Bosch City;Agri-Medicines;830;856;;;6724;Med;2015-01-27T03:14:53+00:00;
Nisgayo;Bosch City;Basic Medicines;215;231;;;5503;Med;2015-01-27T03:14:53+00:00;
Nisgayo;Bosch City;Performance Enhancers;6802;;1803;Med;;;2015-01-27T03:14:53+00:00;
Nisgayo;Bosch City;Progenitor Cells;6671;6775;;;1317;Med;2015-01-27T03:14:53+00:00;
Nisgayo;Bosch City;Aluminium;215;231;;;34878;Med;2015-01-27T03:14:59+00:00;
Nisgayo;Bosch City;Beryllium;8454;;17200;Med;;;2015-01-27T03:14:59+00:00;
Nisgayo;Bosch City;Cobalt;907;;905957;Med;;;2015-01-27T03:14:59+00:00;
Nisgayo;Bosch City;Copper;343;361;;;243727;Med;2015-01-27T03:14:59+00:00;
Nisgayo;Bosch City;Gallium;5528;;173653;Med;;;2015-01-27T03:14:59+00:00;
Nisgayo;Bosch City;Gold;10135;;114562;Med;;;2015-01-27T03:14:59+00:00;
Nisgayo;Bosch City;Indium;6062;;66483;Med;;;2015-01-27T03:14:59+00:00;
Nisgayo;Bosch City;Lithium;1872;;451835;Med;;;2015-01-27T03:14:59+00:00;
Nisgayo;Bosch City;Palladium;14088;;90229;Med;;;2015-01-27T03:14:59+00:00;
Nisgayo;Bosch City;Platinum;19602;;7004;High;;;2015-01-27T03:14:59+00:00;
Nisgayo;Bosch City;Silver;5362;;194565;Med;;;2015-01-27T03:14:59+00:00;
Nisgayo;Bosch City;Tantalum;4468;;465940;Med;;;2015-01-27T03:14:59+00:00;
Nisgayo;Bosch City;Titanium;830;856;;;125121;Med;2015-01-27T03:14:59+00:00;
Nisgayo;Bosch City;Uranium;3051;;306011;Med;;;2015-01-27T03:14:59+00:00;
Nisgayo;Bosch City;Bauxite;153;;7624;Low;;;2015-01-27T03:14:59+00:00;
Nisgayo;Bosch City;Bertrandite;2448;;453;Low;;;2015-01-27T03:14:59+00:00;
Nisgayo;Bosch City;Coltan;1375;;719;Low;;;2015-01-27T03:15:06+00:00;
Nisgayo;Bosch City;Gallite;2192;;430777;Med;;;2015-01-27T03:15:06+00:00;
Nisgayo;Bosch City;Indite;2150;;3350;Low;;;2015-01-27T03:15:06+00:00;
Nisgayo;Bosch City;Lepidolite;592;;1474;Low;;;2015-01-27T03:15:06+00:00;
Nisgayo;Bosch City;Rutile;471;;2082639;Med;;;2015-01-27T03:15:06+00:00;
Nisgayo;Bosch City;Uraninite;1075;;153262;Med;;;2015-01-27T03:15:06+00:00;
Nisgayo;Bosch City;Advanced Catalysers;3196;;73833;Med;;;2015-01-27T03:15:06+00:00;
Nisgayo;Bosch City;Animal Monitors;190;204;;;15549;Med;2015-01-27T03:15:06+00:00;
Nisgayo;Bosch City;Aquaponic Systems;168;181;;;17229;Med;2015-01-27T03:15:06+00:00;
Nisgayo;Bosch City;Auto-Fabricators;3227;3278;;;236431;High;2015-01-27T03:15:06+00:00;
Nisgayo;Bosch City;Bioreducing Lichen;772;796;;;5461;Med;2015-01-27T03:15:06+00:00;
Nisgayo;Bosch City;Computer Components;707;;146741;Med;;;2015-01-27T03:15:06+00:00;
Nisgayo;Bosch City;H.E. Suits;320;;24639;Med;;;2015-01-27T03:15:06+00:00;
Nisgayo;Bosch City;Land Enrichment Systems;4411;4481;;;5883;Med;2015-01-27T03:15:06+00:00;
Nisgayo;Bosch City;Resonating Separators;5438;5523;;;138384;Low;2015-01-27T03:15:06+00:00;
Nisgayo;Bosch City;Robotics;1534;1579;;;6301;Med;2015-01-27T03:15:06+00:00;
Nisgayo;Bosch City;Synthetic Fabrics;90;101;;;71541;Med;2015-01-27T03:15:10+00:00;
Nisgayo;Bosch City;Biowaste;13;17;;;8275;Med;2015-01-27T03:15:10+00:00;
Nisgayo;Bosch City;Chemical Waste;103;;13200;High;;;2015-01-27T03:15:10+00:00;
Nisgayo;Bosch City;Scrap;33;38;;;41906;Med;2015-01-27T03:15:10+00:00;
Nisgayo;Bosch City;Non-Lethal Weapons;1556;1601;;;1162;Med;2015-01-27T03:15:10+00:00;
Nisgayo;Bosch City;Reactive Armour;1820;1850;;;1047;Med;2015-01-27T03:15:10+00:00;
Evejitaka;Henize Station;Explosives;412;;169115;Med;;;2015-01-27T03:23:32+00:00;
Evejitaka;Henize Station;Hydrogen Fuel;107;112;;;102940;Med;2015-01-27T03:23:32+00:00;
Evejitaka;Henize Station;Clothing;432;;19063;Med;;;2015-01-27T03:23:32+00:00;
Evejitaka;Henize Station;Consumer Technology;7547;;7110;High;;;2015-01-27T03:23:32+00:00;
Evejitaka;Henize Station;Domestic Appliances;531;;2082;Low;;;2015-01-27T03:23:32+00:00;
Evejitaka;Henize Station;Algae;257;;94645;High;;;2015-01-27T03:23:32+00:00;
Evejitaka;Henize Station;Animal Meat;1611;;11080;Med;;;2015-01-27T03:23:32+00:00;
Evejitaka;Henize Station;Coffee;1566;;4262;Med;;;2015-01-27T03:23:32+00:00;
Evejitaka;Henize Station;Fish;579;;36505;High;;;2015-01-27T03:23:32+00:00;
Evejitaka;Henize Station;Food Cartridges;49;64;;;33287;Med;2015-01-27T03:23:32+00:00;
Evejitaka;Henize Station;Fruit and Vegetables;317;;4587;Low;;;2015-01-27T03:23:32+00:00;
Evejitaka;Henize Station;Grain;209;;22678;Low;;;2015-01-27T03:23:32+00:00;
Evejitaka;Henize Station;Synthetic Meat;263;;3703;Low;;;2015-01-27T03:23:32+00:00;
Evejitaka;Henize Station;Tea;1809;;10499;Med;;;2015-01-27T03:23:32+00:00;
Evejitaka;Henize Station;Polymers;259;;653146;Med;;;2015-01-27T03:23:36+00:00;
Evejitaka;Henize Station;Semiconductors;1166;;493939;High;;;2015-01-27T03:23:36+00:00;
Evejitaka;Henize Station;Superconductors;7043;;9361;Med;;;2015-01-27T03:23:36+00:00;
Evejitaka;Henize Station;Beer;208;;25901;Med;;;2015-01-27T03:23:36+00:00;
Evejitaka;Henize Station;Liquor;850;;1756;High;;;2015-01-27T03:23:36+00:00;
Evejitaka;Henize Station;Wine;332;;38324;Med;;;2015-01-27T03:23:36+00:00;
Evejitaka;Henize Station;Atmospheric Processors;306;322;;;19446;Med;2015-01-27T03:23:36+00:00;
Evejitaka;Henize Station;Crop Harvesters;2008;2040;;;13777;Med;2015-01-27T03:23:36+00:00;
Evejitaka;Henize Station;Marine Equipment;3967;4028;;;8396;Med;2015-01-27T03:23:36+00:00;
Evejitaka;Henize Station;Mineral Extractors;699;;170929;Med;;;2015-01-27T03:23:36+00:00;
Evejitaka;Henize Station;Power Generators;452;474;;;6167;Med;2015-01-27T03:23:36+00:00;
Evejitaka;Henize Station;Water Purifiers;170;182;;;638005;High;2015-01-27T03:23:36+00:00;
Evejitaka;Henize Station;Basic Medicines;225;241;;;25945;Med;2015-01-27T03:23:36+00:00;
Evejitaka;Henize Station;Performance Enhancers;7547;;8652;High;;;2015-01-27T03:23:36+00:00;
Evejitaka;Henize Station;Progenitor Cells;6698;;1031;Low;;;2015-01-27T03:23:40+00:00;
Evejitaka;Henize Station;Aluminium;448;;501346;Med;;;2015-01-27T03:23:40+00:00;
Evejitaka;Henize Station;Beryllium;8925;;37807;Med;;;2015-01-27T03:23:40+00:00;
Evejitaka;Henize Station;Cobalt;726;;29720;Low;;;2015-01-27T03:23:40+00:00;
Evejitaka;Henize Station;Copper;475;;111473;Low;;;2015-01-27T03:23:40+00:00;
Evejitaka;Henize Station;Gallium;5703;;54283;Med;;;2015-01-27T03:23:40+00:00;
Evejitaka;Henize Station;Gold;10186;;74328;Med;;;2015-01-27T03:23:40+00:00;
Evejitaka;Henize Station;Indium;6097;;15428;Med;;;2015-01-27T03:23:40+00:00;
Evejitaka;Henize Station;Lithium;1831;;122487;Med;;;2015-01-27T03:23:40+00:00;
Evejitaka;Henize Station;Palladium;14116;;58561;Med;;;2015-01-27T03:23:40+00:00;
Evejitaka;Henize Station;Platinum;19813;;4614;Low;;;2015-01-27T03:23:40+00:00;
Evejitaka;Henize Station;Silver;5405;;126738;Med;;;2015-01-27T03:23:40+00:00;
Evejitaka;Henize Station;Tantalum;4332;;29169;Med;;;2015-01-27T03:23:40+00:00;
Evejitaka;Henize Station;Titanium;1011;;57178;Low;;;2015-01-27T03:23:40+00:00;
Evejitaka;Henize Station;Uranium;3049;;90801;Med;;;2015-01-27T03:23:40+00:00;
Evejitaka;Henize Station;Bauxite;63;76;;;12926;Med;2015-01-27T03:23:40+00:00;
Evejitaka;Henize Station;Bertrandite;2304;2340;;;76650;Med;2015-01-27T03:23:43+00:00;
Evejitaka;Henize Station;Coltan;1230;1266;;;12134;Med;2015-01-27T03:23:43+00:00;
Evejitaka;Henize Station;Gallite;1753;1781;;;46968;Med;2015-01-27T03:23:43+00:00;
Evejitaka;Henize Station;Indite;2008;2040;;;8442;Med;2015-01-27T03:23:43+00:00;
Evejitaka;Henize Station;Lepidolite;476;499;;;99739;Med;2015-01-27T03:23:43+00:00;
Evejitaka;Henize Station;Rutile;235;252;;;43799;Med;2015-01-27T03:23:43+00:00;
Evejitaka;Henize Station;Uraninite;763;787;;;17413;Med;2015-01-27T03:23:43+00:00;
Evejitaka;Henize Station;Auto-Fabricators;3635;;4132;Low;;;2015-01-27T03:23:43+00:00;
Evejitaka;Henize Station;Bioreducing Lichen;950;;11073;Low;;;2015-01-27T03:23:43+00:00;
Evejitaka;Henize Station;Computer Components;417;437;;;1506;Med;2015-01-27T03:23:43+00:00;
Evejitaka;Henize Station;H.E. Suits;372;;150226;Med;;;2015-01-27T03:23:43+00:00;
Evejitaka;Henize Station;Robotics;2068;;27529;Med;;;2015-01-27T03:23:43+00:00;
Evejitaka;Henize Station;Leather;306;;1447456;High;;;2015-01-27T03:23:43+00:00;
Evejitaka;Henize Station;Natural Fabrics;573;;196208;High;;;2015-01-27T03:23:43+00:00;
Evejitaka;Henize Station;Synthetic Fabrics;296;;455971;Med;;;2015-01-27T03:23:43+00:00;
Evejitaka;Henize Station;Biowaste;15;20;;;6328;Med;2015-01-27T03:23:45+00:00;
Evejitaka;Henize Station;Scrap;27;31;;;64677;High;2015-01-27T03:23:45+00:00;
Evejitaka;Henize Station;Non-Lethal Weapons;1777;;181;Low;;;2015-01-27T03:23:45+00:00;
Evejitaka;Henize Station;Reactive Armour;2021;;196;Low;;;2015-01-27T03:23:45+00:00;
Evejitaka;Love Ring;Explosives;392;;103190;Med;;;2015-01-19T00:55:15+00:00;
Evejitaka;Love Ring;Hydrogen Fuel;107;112;;;118353;Med;2015-01-19T00:55:15+00:00;
Evejitaka;Love Ring;Clothing;405;;12790;Med;;;2015-01-19T00:55:15+00:00;
Evejitaka;Love Ring;Consumer Technology;7547;;8179;High;;;2015-01-19T00:55:15+00:00;
Evejitaka;Love Ring;Domestic Appliances;531;;1449;Low;;;2015-01-19T00:55:15+00:00;
Evejitaka;Love Ring;Algae;260;;137569;High;;;2015-01-19T00:55:15+00:00;
Evejitaka;Love Ring;Animal Meat;1615;;12871;High;;;2015-01-19T00:55:15+00:00;
Evejitaka;Love Ring;Coffee;1577;;5029;Med;;;2015-01-19T00:55:15+00:00;
Evejitaka;Love Ring;Fish;580;;42173;High;;;2015-01-19T00:55:15+00:00;
Evejitaka;Love Ring;Food Cartridges;49;63;;;46907;Med;2015-01-19T00:55:15+00:00;
Evejitaka;Love Ring;Fruit and Vegetables;317;;5277;Low;;;2015-01-19T00:55:15+00:00;
Evejitaka;Love Ring;Grain;209;;26090;Low;;;2015-01-19T00:55:15+00:00;
Evejitaka;Love Ring;Synthetic Meat;281;;5484;Med;;;2015-01-19T00:55:15+00:00;
Evejitaka;Love Ring;Tea;1814;;12195;High;;;2015-01-19T00:55:15+00:00;
Evejitaka;Love Ring;Polymers;265;;973976;Med;;;2015-01-19T00:55:23+00:00;
Evejitaka;Love Ring;Semiconductors;1169;;710840;High;;;2015-01-19T00:55:23+00:00;
Evejitaka;Love Ring;Superconductors;7194;;15938;Med;;;2015-01-19T00:55:23+00:00;
Evejitaka;Love Ring;Beer;220;;34722;Med;;;2015-01-19T00:55:23+00:00;
Evejitaka;Love Ring;Liquor;845;;1214;High;;;2015-01-19T00:55:23+00:00;
Evejitaka;Love Ring;Wine;341;;47038;Med;;;2015-01-19T00:55:23+00:00;
Evejitaka;Love Ring;Atmospheric Processors;306;322;;;27765;Med;2015-01-19T00:55:23+00:00;
Evejitaka;Love Ring;Crop Harvesters;2008;2043;;;19671;Med;2015-01-19T00:55:23+00:00;
Evejitaka;Love Ring;Marine Equipment;3967;4034;;;11987;Med;2015-01-19T00:55:23+00:00;
Evejitaka;Love Ring;Mineral Extractors;647;;103212;Med;;;2015-01-19T00:55:23+00:00;
Evejitaka;Love Ring;Power Generators;439;461;;;7596;Med;2015-01-19T00:55:23+00:00;
Evejitaka;Love Ring;Water Purifiers;170;183;;;939689;High;2015-01-19T00:55:23+00:00;
Evejitaka;Love Ring;Basic Medicines;223;240;;;36441;Med;2015-01-19T00:55:23+00:00;
Evejitaka;Love Ring;Performance Enhancers;7547;;9952;High;;;2015-01-19T00:55:23+00:00;
Evejitaka;Love Ring;Progenitor Cells;6809;;1486;Med;;;2015-01-19T00:55:30+00:00;
Evejitaka;Love Ring;Aluminium;463;;774480;Med;;;2015-01-19T00:55:30+00:00;
Evejitaka;Love Ring;Beryllium;8989;;56719;Med;;;2015-01-19T00:55:30+00:00;
Evejitaka;Love Ring;Cobalt;790;;56359;Med;;;2015-01-19T00:55:30+00:00;
Evejitaka;Love Ring;Copper;495;;217280;Low;;;2015-01-19T00:55:30+00:00;
Evejitaka;Love Ring;Gallium;5750;;81415;Med;;;2015-01-19T00:55:30+00:00;
Evejitaka;Love Ring;Gold;10262;;108531;Med;;;2015-01-19T00:55:30+00:00;
Evejitaka;Love Ring;Indium;6262;;27761;Med;;;2015-01-19T00:55:30+00:00;
Evejitaka;Love Ring;Lithium;1868;;190895;Med;;;2015-01-19T00:55:30+00:00;
Evejitaka;Love Ring;Palladium;14199;;85035;High;;;2015-01-19T00:55:30+00:00;
Evejitaka;Love Ring;Platinum;19813;;6587;High;;;2015-01-19T00:55:30+00:00;
Evejitaka;Love Ring;Silver;5443;;183963;High;;;2015-01-19T00:55:30+00:00;
Evejitaka;Love Ring;Tantalum;4401;;45778;Med;;;2015-01-19T00:55:30+00:00;
Evejitaka;Love Ring;Titanium;1041;;111269;Low;;;2015-01-19T00:55:30+00:00;
Evejitaka;Love Ring;Uranium;3080;;136186;Med;;;2015-01-19T00:55:30+00:00;
Evejitaka;Love Ring;Bauxite;63;76;;;8994;Med;2015-01-19T00:55:30+00:00;
Evejitaka;Love Ring;Bertrandite;2304;2343;;;31946;Med;2015-01-19T00:55:40+00:00;
Evejitaka;Love Ring;Coltan;1230;1268;;;8443;Med;2015-01-19T00:55:40+00:00;
Evejitaka;Love Ring;Gallite;1753;1784;;;52325;Med;2015-01-19T00:55:40+00:00;
Evejitaka;Love Ring;Indite;2008;2043;;;5874;Med;2015-01-19T00:55:40+00:00;
Evejitaka;Love Ring;Lepidolite;476;500;;;17349;Med;2015-01-19T00:55:40+00:00;
Evejitaka;Love Ring;Rutile;235;252;;;30476;Med;2015-01-19T00:55:40+00:00;
Evejitaka;Love Ring;Uraninite;763;788;;;12116;Med;2015-01-19T00:55:40+00:00;
Evejitaka;Love Ring;Auto-Fabricators;3635;;5900;Low;;;2015-01-19T00:55:40+00:00;
Evejitaka;Love Ring;Bioreducing Lichen;1098;;65714;Med;;;2015-01-19T00:55:40+00:00;
Evejitaka;Love Ring;Computer Components;417;438;;;2151;Med;2015-01-19T00:55:40+00:00;
Evejitaka;Love Ring;H.E. Suits;388;;236144;Med;;;2015-01-19T00:55:40+00:00;
Evejitaka;Love Ring;Robotics;2107;;42793;Med;;;2015-01-19T00:55:40+00:00;
Evejitaka;Love Ring;Leather;306;;2068066;High;;;2015-01-19T00:55:40+00:00;
Evejitaka;Love Ring;Natural Fabrics;577;;285171;High;;;2015-01-19T00:55:40+00:00;
Evejitaka;Love Ring;Synthetic Fabrics;303;;679944;Med;;;2015-01-19T00:55:40+00:00;
Evejitaka;Love Ring;Biowaste;15;20;;;7275;Med;2015-01-19T00:55:44+00:00;
Evejitaka;Love Ring;Scrap;27;31;;;98198;High;2015-01-19T00:55:44+00:00;
Evejitaka;Love Ring;Non-Lethal Weapons;1777;;208;Low;;;2015-01-19T00:55:44+00:00;
Evejitaka;Love Ring;Reactive Armour;2021;;225;Low;;;2015-01-19T00:55:44+00:00;
Svanticani;Sargent Terminal;Explosives;340;;53522;Med;;;2015-01-27T03:30:49+00:00;
Svanticani;Sargent Terminal;Hydrogen Fuel;101;105;;;53452;Med;2015-01-27T03:30:49+00:00;
Svanticani;Sargent Terminal;Clothing;317;;529;Low;;;2015-01-27T03:30:49+00:00;
Svanticani;Sargent Terminal;Consumer Technology;7461;;2868;High;;;2015-01-27T03:30:49+00:00;
Svanticani;Sargent Terminal;Domestic Appliances;531;;191;Low;;;2015-01-27T03:30:49+00:00;
Svanticani;Sargent Terminal;Algae;162;;5164;Med;;;2015-01-27T03:30:49+00:00;
Svanticani;Sargent Terminal;Animal Meat;1520;;3813;Med;;;2015-01-27T03:30:49+00:00;
Svanticani;Sargent Terminal;Coffee;1398;;1062;Med;;;2015-01-27T03:30:49+00:00;
Svanticani;Sargent Terminal;Fish;549;;13789;Med;;;2015-01-27T03:30:49+00:00;
Svanticani;Sargent Terminal;Food Cartridges;48;62;;;5844;Med;2015-01-27T03:30:49+00:00;
Svanticani;Sargent Terminal;Fruit and Vegetables;317;;264;Low;;;2015-01-27T03:30:49+00:00;
Svanticani;Sargent Terminal;Grain;209;;1306;Low;;;2015-01-27T03:30:49+00:00;
Svanticani;Sargent Terminal;Synthetic Meat;254;;170;Low;;;2015-01-27T03:30:49+00:00;
Svanticani;Sargent Terminal;Tea;1712;;3613;Med;;;2015-01-27T03:30:49+00:00;
Svanticani;Sargent Terminal;Polymers;153;;2355;Low;;;2015-01-27T03:30:55+00:00;
Svanticani;Sargent Terminal;Semiconductors;1057;;44016;Med;;;2015-01-27T03:30:55+00:00;
Svanticani;Sargent Terminal;Superconductors;6602;;217;Low;;;2015-01-27T03:30:55+00:00;
Svanticani;Sargent Terminal;Beer;177;;844;Low;;;2015-01-27T03:30:55+00:00;
Svanticani;Sargent Terminal;Liquor;719;;938;Med;;;2015-01-27T03:30:55+00:00;
Svanticani;Sargent Terminal;Wine;254;;834;Low;;;2015-01-27T03:30:55+00:00;
Svanticani;Sargent Terminal;Atmospheric Processors;282;296;;;2932;Med;2015-01-27T03:30:55+00:00;
Svanticani;Sargent Terminal;Crop Harvesters;1926;1950;;;2078;Med;2015-01-27T03:30:55+00:00;
Svanticani;Sargent Terminal;Marine Equipment;3838;3883;;;1267;Med;2015-01-27T03:30:55+00:00;
Svanticani;Sargent Terminal;Mineral Extractors;702;;134430;Med;;;2015-01-27T03:30:55+00:00;
Svanticani;Sargent Terminal;Power Generators;398;417;;;35827;Med;2015-01-27T03:30:55+00:00;
Svanticani;Sargent Terminal;Water Purifiers;302;;0;Low;;;2015-01-27T03:30:55+00:00;
Svanticani;Sargent Terminal;Basic Medicines;224;240;;;4708;Med;2015-01-27T03:30:55+00:00;
Svanticani;Sargent Terminal;Performance Enhancers;7461;;3489;High;;;2015-01-27T03:30:55+00:00;
Svanticani;Sargent Terminal;Progenitor Cells;6602;;43;Low;;;2015-01-27T03:30:58+00:00;
Svanticani;Sargent Terminal;Aluminium;333;;2674;Low;;;2015-01-27T03:30:58+00:00;
Svanticani;Sargent Terminal;Beryllium;8067;;93;Low;;;2015-01-27T03:30:58+00:00;
Svanticani;Sargent Terminal;Cobalt;568;593;;;27079;Med;2015-01-27T03:30:58+00:00;
Svanticani;Sargent Terminal;Copper;475;;1867;Low;;;2015-01-27T03:30:58+00:00;
Svanticani;Sargent Terminal;Gallium;5059;;265;Low;;;2015-01-27T03:30:58+00:00;
Svanticani;Sargent Terminal;Gold;9221;;1491;Low;;;2015-01-27T03:30:58+00:00;
Svanticani;Sargent Terminal;Indium;5779;;120;Low;;;2015-01-27T03:30:58+00:00;
Svanticani;Sargent Terminal;Lithium;1565;;669;Low;;;2015-01-27T03:30:58+00:00;
Svanticani;Sargent Terminal;Palladium;12894;;2506;Low;;;2015-01-27T03:30:58+00:00;
Svanticani;Sargent Terminal;Platinum;19653;;541;High;;;2015-01-27T03:30:58+00:00;
Svanticani;Sargent Terminal;Silver;4565;4618;;;6177;Med;2015-01-27T03:30:58+00:00;
Svanticani;Sargent Terminal;Tantalum;3989;;7488;Low;;;2015-01-27T03:30:58+00:00;
Svanticani;Sargent Terminal;Titanium;1011;;958;Low;;;2015-01-27T03:30:58+00:00;
Svanticani;Sargent Terminal;Uranium;2620;;3851;Low;;;2015-01-27T03:30:58+00:00;
Svanticani;Sargent Terminal;Bauxite;55;66;;;1442038;Med;2015-01-27T03:30:58+00:00;
Svanticani;Sargent Terminal;Bertrandite;2214;2241;;;17148;Med;2015-01-27T03:31:03+00:00;
Svanticani;Sargent Terminal;Coltan;1171;1201;;;13600;Med;2015-01-27T03:31:03+00:00;
Svanticani;Sargent Terminal;Gallite;1678;1699;;;21140;Med;2015-01-27T03:31:03+00:00;
Svanticani;Sargent Terminal;Indite;1926;1950;;;95068;Med;2015-01-27T03:31:03+00:00;
Svanticani;Sargent Terminal;Lepidolite;445;465;;;279297;Med;2015-01-27T03:31:03+00:00;
Svanticani;Sargent Terminal;Rutile;215;230;;;49084;Med;2015-01-27T03:31:03+00:00;
Svanticani;Sargent Terminal;Uraninite;720;740;;;19514;Med;2015-01-27T03:31:03+00:00;
Svanticani;Sargent Terminal;Auto-Fabricators;3635;;69;Low;;;2015-01-27T03:31:03+00:00;
Svanticani;Sargent Terminal;Bioreducing Lichen;1087;;84267;Med;;;2015-01-27T03:31:03+00:00;
Svanticani;Sargent Terminal;Computer Components;407;425;;;226;Med;2015-01-27T03:31:03+00:00;
Svanticani;Sargent Terminal;H.E. Suits;276;;2153;Low;;;2015-01-27T03:31:03+00:00;
Svanticani;Sargent Terminal;Robotics;1777;;149;Low;;;2015-01-27T03:31:03+00:00;
Svanticani;Sargent Terminal;Leather;276;;30132;Med;;;2015-01-27T03:31:03+00:00;
Svanticani;Sargent Terminal;Natural Fabrics;544;;107880;Med;;;2015-01-27T03:31:03+00:00;
Svanticani;Sargent Terminal;Synthetic Fabrics;188;;2192;Low;;;2015-01-27T03:31:06+00:00;
Svanticani;Sargent Terminal;Biowaste;13;17;;;3286;Med;2015-01-27T03:31:06+00:00;
Svanticani;Sargent Terminal;Scrap;31;36;;;6615;Med;2015-01-27T03:31:06+00:00;
Svanticani;Sargent Terminal;Non-Lethal Weapons;1882;;10;Low;;;2015-01-27T03:31:06+00:00;
Svanticani;Sargent Terminal;Personal Weapons;4379;;445;Med;;;2015-01-27T03:31:06+00:00;
Svanticani;Sargent Terminal;Reactive Armour;2135;;11;Low;;;2015-01-27T03:31:06+00:00;
Svanticani;Carpini Survey;Explosives;384;;91247;Med;;;2015-01-27T03:40:32+00:00;
Svanticani;Carpini Survey;Hydrogen Fuel;107;111;;;36375;Med;2015-01-27T03:40:32+00:00;
Svanticani;Carpini Survey;Clothing;317;;3356;Low;;;2015-01-27T03:40:32+00:00;
Svanticani;Carpini Survey;Consumer Technology;7547;;2509;High;;;2015-01-27T03:40:32+00:00;
Svanticani;Carpini Survey;Domestic Appliances;531;;1356;Low;;;2015-01-27T03:40:32+00:00;
Svanticani;Carpini Survey;Algae;239;;28725;Med;;;2015-01-27T03:40:32+00:00;
Svanticani;Carpini Survey;Animal Meat;1550;;3376;Med;;;2015-01-27T03:40:32+00:00;
Svanticani;Carpini Survey;Coffee;1425;;972;Med;;;2015-01-27T03:40:32+00:00;
Svanticani;Carpini Survey;Fish;565;;12120;Med;;;2015-01-27T03:40:32+00:00;
Svanticani;Carpini Survey;Food Cartridges;51;66;;;6100;Med;2015-01-27T03:40:32+00:00;
Svanticani;Carpini Survey;Fruit and Vegetables;317;;1618;Low;;;2015-01-27T03:40:32+00:00;
Svanticani;Carpini Survey;Grain;209;;8000;Low;;;2015-01-27T03:40:32+00:00;
Svanticani;Carpini Survey;Synthetic Meat;254;;1045;Low;;;2015-01-27T03:40:32+00:00;
Svanticani;Carpini Survey;Tea;1744;;3199;Med;;;2015-01-27T03:40:32+00:00;
Svanticani;Carpini Survey;Polymers;153;;32986;Low;;;2015-01-27T03:40:39+00:00;
Svanticani;Carpini Survey;Semiconductors;1119;;73835;Med;;;2015-01-27T03:40:39+00:00;
Svanticani;Carpini Survey;Superconductors;6750;;3386;Low;;;2015-01-27T03:40:39+00:00;
Svanticani;Carpini Survey;Beer;177;;5171;Low;;;2015-01-27T03:40:39+00:00;
Svanticani;Carpini Survey;Liquor;720;;650;Med;;;2015-01-27T03:40:39+00:00;
Svanticani;Carpini Survey;Wine;254;;5108;Low;;;2015-01-27T03:40:39+00:00;
Svanticani;Carpini Survey;Atmospheric Processors;306;320;;;6639;Med;2015-01-27T03:40:39+00:00;
Svanticani;Carpini Survey;Crop Harvesters;2008;2033;;;23670;Med;2015-01-27T03:40:39+00:00;
Svanticani;Carpini Survey;Marine Equipment;3967;4013;;;1436;Med;2015-01-27T03:40:39+00:00;
Svanticani;Carpini Survey;Mineral Extractors;692;;96773;Med;;;2015-01-27T03:40:39+00:00;
Svanticani;Carpini Survey;Power Generators;531;;805;Low;;;2015-01-27T03:40:39+00:00;
Svanticani;Carpini Survey;Water Purifiers;211;226;;;69620;Med;2015-01-27T03:40:39+00:00;
Svanticani;Carpini Survey;Basic Medicines;232;249;;;4830;Med;2015-01-27T03:40:39+00:00;
Svanticani;Carpini Survey;Performance Enhancers;7547;;3052;High;;;2015-01-27T03:40:39+00:00;
Svanticani;Carpini Survey;Progenitor Cells;6602;;267;Low;;;2015-01-27T03:40:43+00:00;
Svanticani;Carpini Survey;Aluminium;333;;10912;Low;;;2015-01-27T03:40:43+00:00;
Svanticani;Carpini Survey;Beryllium;8432;;7851;Med;;;2015-01-27T03:40:43+00:00;
Svanticani;Carpini Survey;Cobalt;613;639;;;17461;Med;2015-01-27T03:40:43+00:00;
Svanticani;Carpini Survey;Copper;475;;5719;Low;;;2015-01-27T03:40:43+00:00;
Svanticani;Carpini Survey;Gallium;5059;;1364;Low;;;2015-01-27T03:40:43+00:00;
Svanticani;Carpini Survey;Gold;9561;;8129;Med;;;2015-01-27T03:40:43+00:00;
Svanticani;Carpini Survey;Indium;5779;;2448;Low;;;2015-01-27T03:40:43+00:00;
Svanticani;Carpini Survey;Lithium;1691;;41180;Med;;;2015-01-27T03:40:43+00:00;
Svanticani;Carpini Survey;Palladium;13483;;7407;Med;;;2015-01-27T03:40:43+00:00;
Svanticani;Carpini Survey;Platinum;19813;;789;High;;;2015-01-27T03:40:43+00:00;
Svanticani;Carpini Survey;Silver;4594;4647;;;31027;Med;2015-01-27T03:40:43+00:00;
Svanticani;Carpini Survey;Tantalum;4353;;30955;Med;;;2015-01-27T03:40:43+00:00;
Svanticani;Carpini Survey;Titanium;1011;;19572;Low;;;2015-01-27T03:40:43+00:00;
Svanticani;Carpini Survey;Uranium;2860;;25990;Med;;;2015-01-27T03:40:43+00:00;
Svanticani;Carpini Survey;Bauxite;63;76;;;83744;Med;2015-01-27T03:40:43+00:00;
Svanticani;Carpini Survey;Bertrandite;2304;2331;;;4980;Med;2015-01-27T03:40:45+00:00;
Svanticani;Carpini Survey;Coltan;1230;1261;;;7901;Low;2015-01-27T03:40:45+00:00;
Svanticani;Carpini Survey;Gallite;1753;1774;;;12281;Med;2015-01-27T03:40:45+00:00;
Svanticani;Carpini Survey;Indite;2008;2033;;;5495;Med;2015-01-27T03:40:45+00:00;
Svanticani;Carpini Survey;Lepidolite;476;497;;;16232;Low;2015-01-27T03:40:45+00:00;
Svanticani;Carpini Survey;Rutile;235;251;;;28514;Med;2015-01-27T03:40:45+00:00;
Svanticani;Carpini Survey;Uraninite;763;784;;;11337;Med;2015-01-27T03:40:45+00:00;
Svanticani;Carpini Survey;Auto-Fabricators;3635;;706;Low;;;2015-01-27T03:40:45+00:00;
Svanticani;Carpini Survey;Bioreducing Lichen;1088;;59094;Med;;;2015-01-27T03:40:45+00:00;
Svanticani;Carpini Survey;Computer Components;421;440;;;258;Med;2015-01-27T03:40:45+00:00;
Svanticani;Carpini Survey;H.E. Suits;301;;34729;Low;;;2015-01-27T03:40:45+00:00;
Svanticani;Carpini Survey;Robotics;1777;;1525;Low;;;2015-01-27T03:40:45+00:00;
Svanticani;Carpini Survey;Leather;299;;71160;High;;;2015-01-27T03:40:45+00:00;
Svanticani;Carpini Survey;Natural Fabrics;478;;14938;Med;;;2015-01-27T03:40:45+00:00;
Svanticani;Carpini Survey;Synthetic Fabrics;293;;381224;Low;;;2015-01-27T03:40:45+00:00;
Svanticani;Carpini Survey;Biowaste;15;20;;;2238;Med;2015-01-27T03:40:47+00:00;
Svanticani;Carpini Survey;Scrap;35;41;;;7502;Med;2015-01-27T03:40:47+00:00;
Svanticani;Carpini Survey;Non-Lethal Weapons;1882;;64;Low;;;2015-01-27T03:40:47+00:00;
Svanticani;Carpini Survey;Personal Weapons;4144;4192;;;679;Med;2015-01-27T03:40:47+00:00;
Svanticani;Carpini Survey;Reactive Armour;2135;;69;Low;;;2015-01-27T03:40:47+00:00;
Cenu Kichs;Vries Prospect;Explosives;451;;22628;High;;;2015-01-28T04:07:28+00:00;
Cenu Kichs;Vries Prospect;Hydrogen Fuel;107;111;;;4920;Med;2015-01-28T04:07:28+00:00;
Cenu Kichs;Vries Prospect;Mineral Oil;194;;4074;Low;;;2015-01-28T04:07:28+00:00;
Cenu Kichs;Vries Prospect;Clothing;477;;2594;High;;;2015-01-28T04:07:28+00:00;
Cenu Kichs;Vries Prospect;Consumer Technology;7306;;362;High;;;2015-01-28T04:07:28+00:00;
Cenu Kichs;Vries Prospect;Domestic Appliances;738;;775;High;;;2015-01-28T04:07:28+00:00;
Cenu Kichs;Vries Prospect;Animal Meat;1293;;180;Low;;;2015-01-28T04:07:28+00:00;
Cenu Kichs;Vries Prospect;Coffee;1380;;45;Low;;;2015-01-28T04:07:28+00:00;
Cenu Kichs;Vries Prospect;Fish;443;;839;Med;;;2015-01-28T04:07:28+00:00;
Cenu Kichs;Vries Prospect;Food Cartridges;174;;34;Low;;;2015-01-28T04:07:28+00:00;
Cenu Kichs;Vries Prospect;Fruit and Vegetables;317;;162;Low;;;2015-01-28T04:07:28+00:00;
Cenu Kichs;Vries Prospect;Grain;209;;1081;Low;;;2015-01-28T04:07:28+00:00;
Cenu Kichs;Vries Prospect;Synthetic Meat;399;;420;High;;;2015-01-28T04:07:28+00:00;
Cenu Kichs;Vries Prospect;Tea;1467;;163;Low;;;2015-01-28T04:07:28+00:00;
Cenu Kichs;Vries Prospect;Polymers;63;76;;;2751;Med;2015-01-28T04:07:37+00:00;
Cenu Kichs;Vries Prospect;Semiconductors;762;783;;;373;Med;2015-01-28T04:07:37+00:00;
Cenu Kichs;Vries Prospect;Superconductors;6447;6518;;;760;Med;2015-01-28T04:07:37+00:00;
Cenu Kichs;Vries Prospect;Beer;176;;699;Low;;;2015-01-28T04:07:37+00:00;
Cenu Kichs;Vries Prospect;Liquor;797;;164;High;;;2015-01-28T04:07:37+00:00;
Cenu Kichs;Vries Prospect;Tobacco;5122;;156;Med;;;2015-01-28T04:07:37+00:00;
Cenu Kichs;Vries Prospect;Wine;254;;837;Low;;;2015-01-28T04:07:37+00:00;
Cenu Kichs;Vries Prospect;Microbial Furnaces;335;;15486;High;;;2015-01-28T04:07:37+00:00;
Cenu Kichs;Vries Prospect;Mineral Extractors;815;;23243;High;;;2015-01-28T04:07:37+00:00;
Cenu Kichs;Vries Prospect;Power Generators;530;;392;Low;;;2015-01-28T04:07:37+00:00;
Cenu Kichs;Vries Prospect;Water Purifiers;302;;274;Low;;;2015-01-28T04:07:37+00:00;
Cenu Kichs;Vries Prospect;Basic Medicines;356;;32;Low;;;2015-01-28T04:07:37+00:00;
Cenu Kichs;Vries Prospect;Performance Enhancers;7541;;502;High;;;2015-01-28T04:07:37+00:00;
Cenu Kichs;Vries Prospect;Progenitor Cells;7306;;202;High;;;2015-01-28T04:07:37+00:00;
Cenu Kichs;Vries Prospect;Aluminium;234;251;;;9372;Med;2015-01-28T04:07:43+00:00;
Cenu Kichs;Vries Prospect;Beryllium;7930;8016;;;652;Med;2015-01-28T04:07:43+00:00;
Cenu Kichs;Vries Prospect;Cobalt;577;601;;;2690;Med;2015-01-28T04:07:43+00:00;
Cenu Kichs;Vries Prospect;Copper;370;387;;;6545;Med;2015-01-28T04:07:43+00:00;
Cenu Kichs;Vries Prospect;Gallium;4918;4972;;;932;Med;2015-01-28T04:07:43+00:00;
Cenu Kichs;Vries Prospect;Gold;9234;9234;;;466;Med;2015-01-28T04:07:43+00:00;
Cenu Kichs;Vries Prospect;Indium;5660;5722;;;842;Med;2015-01-28T04:07:43+00:00;
Cenu Kichs;Vries Prospect;Lithium;1405;1439;;;2348;Med;2015-01-28T04:07:43+00:00;
Cenu Kichs;Vries Prospect;Palladium;13104;13105;;;294;Med;2015-01-28T04:07:43+00:00;
Cenu Kichs;Vries Prospect;Silver;4559;4610;;;582;Med;2015-01-28T04:07:43+00:00;
Cenu Kichs;Vries Prospect;Tantalum;3716;3758;;;1146;Med;2015-01-28T04:07:43+00:00;
Cenu Kichs;Vries Prospect;Titanium;879;902;;;3360;Med;2015-01-28T04:07:43+00:00;
Cenu Kichs;Vries Prospect;Uranium;2451;2480;;;1558;Med;2015-01-28T04:07:43+00:00;
Cenu Kichs;Vries Prospect;Bauxite;222;;17499;Med;;;2015-01-28T04:07:43+00:00;
Cenu Kichs;Vries Prospect;Bertrandite;2355;2383;;;8977;Med;2015-01-28T04:07:43+00:00;
Cenu Kichs;Vries Prospect;Coltan;1378;;1160;Low;;;2015-01-28T04:07:43+00:00;
Cenu Kichs;Vries Prospect;Gallite;1825;1847;;;6100;Med;2015-01-28T04:07:48+00:00;
Cenu Kichs;Vries Prospect;Indite;2074;2098;;;1043;Med;2015-01-28T04:07:48+00:00;
Cenu Kichs;Vries Prospect;Lepidolite;484;505;;;10887;Med;2015-01-28T04:07:48+00:00;
Cenu Kichs;Vries Prospect;Rutile;332;;2092;Low;;;2015-01-28T04:07:48+00:00;
Cenu Kichs;Vries Prospect;Uraninite;797;818;;;2150;Med;2015-01-28T04:07:48+00:00;
Cenu Kichs;Vries Prospect;Advanced Catalysers;3349;;2640;High;;;2015-01-28T04:07:48+00:00;
Cenu Kichs;Vries Prospect;Bioreducing Lichen;1240;;4625;High;;;2015-01-28T04:07:48+00:00;
Cenu Kichs;Vries Prospect;H.E. Suits;427;;8102;High;;;2015-01-28T04:07:48+00:00;
Cenu Kichs;Vries Prospect;Resonating Separators;6643;;1502;High;;;2015-01-28T04:07:48+00:00;
Cenu Kichs;Vries Prospect;Synthetic Fabrics;101;113;;;1922;Med;2015-01-28T04:07:48+00:00;
Cenu Kichs;Vries Prospect;Biowaste;15;20;;;226;Med;2015-01-28T04:07:48+00:00;
Cenu Kichs;Vries Prospect;Chemical Waste;108;;456;High;;;2015-01-28T04:07:48+00:00;
Cenu Kichs;Vries Prospect;Scrap;71;;190;Low;;;2015-01-28T04:07:48+00:00;
Cenu Kichs;Fuchs Landing;Explosives;433;;9291;Med;;;2015-01-28T04:13:57+00:00;
Cenu Kichs;Fuchs Landing;Hydrogen Fuel;107;111;;;3935;Med;2015-01-28T04:13:57+00:00;
Cenu Kichs;Fuchs Landing;Mineral Oil;194;;1669;Low;;;2015-01-28T04:13:57+00:00;
Cenu Kichs;Fuchs Landing;Clothing;477;;2076;High;;;2015-01-28T04:13:57+00:00;
Cenu Kichs;Fuchs Landing;Consumer Technology;7306;;289;High;;;2015-01-28T04:13:57+00:00;
Cenu Kichs;Fuchs Landing;Domestic Appliances;738;;621;High;;;2015-01-28T04:13:57+00:00;
Cenu Kichs;Fuchs Landing;Animal Meat;1293;;144;Low;;;2015-01-28T04:13:57+00:00;
Cenu Kichs;Fuchs Landing;Coffee;1380;;36;Low;;;2015-01-28T04:13:57+00:00;
Cenu Kichs;Fuchs Landing;Fish;407;;438;Low;;;2015-01-28T04:13:57+00:00;
Cenu Kichs;Fuchs Landing;Food Cartridges;174;;27;Low;;;2015-01-28T04:13:57+00:00;
Cenu Kichs;Fuchs Landing;Fruit and Vegetables;317;;130;Low;;;2015-01-28T04:13:57+00:00;
Cenu Kichs;Fuchs Landing;Grain;209;;865;Low;;;2015-01-28T04:13:57+00:00;
Cenu Kichs;Fuchs Landing;Synthetic Meat;362;;336;High;;;2015-01-28T04:13:57+00:00;
Cenu Kichs;Fuchs Landing;Tea;1467;;130;Low;;;2015-01-28T04:13:57+00:00;
Cenu Kichs;Fuchs Landing;Polymers;63;76;;;3754;Med;2015-01-28T04:14:03+00:00;
Cenu Kichs;Fuchs Landing;Semiconductors;762;783;;;509;Med;2015-01-28T04:14:03+00:00;
Cenu Kichs;Fuchs Landing;Superconductors;6448;6519;;;1036;Med;2015-01-28T04:14:03+00:00;
Cenu Kichs;Fuchs Landing;Beer;176;;559;Low;;;2015-01-28T04:14:03+00:00;
Cenu Kichs;Fuchs Landing;Liquor;796;;130;High;;;2015-01-28T04:14:03+00:00;
Cenu Kichs;Fuchs Landing;Tobacco;5122;;125;Med;;;2015-01-28T04:14:03+00:00;
Cenu Kichs;Fuchs Landing;Wine;254;;669;Low;;;2015-01-28T04:14:03+00:00;
Cenu Kichs;Fuchs Landing;Microbial Furnaces;335;;21133;High;;;2015-01-28T04:14:03+00:00;
Cenu Kichs;Fuchs Landing;Mineral Extractors;815;;15906;High;;;2015-01-28T04:14:03+00:00;
Cenu Kichs;Fuchs Landing;Power Generators;530;;447;Low;;;2015-01-28T04:14:03+00:00;
Cenu Kichs;Fuchs Landing;Water Purifiers;302;;219;Low;;;2015-01-28T04:14:03+00:00;
Cenu Kichs;Fuchs Landing;Basic Medicines;356;;26;Low;;;2015-01-28T04:14:03+00:00;
Cenu Kichs;Fuchs Landing;Performance Enhancers;7541;;402;High;;;2015-01-28T04:14:03+00:00;
Cenu Kichs;Fuchs Landing;Progenitor Cells;7306;;161;High;;;2015-01-28T04:14:03+00:00;
Cenu Kichs;Fuchs Landing;Aluminium;234;251;;;1279;Med;2015-01-28T04:14:08+00:00;
Cenu Kichs;Fuchs Landing;Beryllium;7956;8042;;;90;Med;2015-01-28T04:14:08+00:00;
Cenu Kichs;Fuchs Landing;Cobalt;577;601;;;31163;Med;2015-01-28T04:14:08+00:00;
Cenu Kichs;Fuchs Landing;Copper;370;387;;;8932;Med;2015-01-28T04:14:08+00:00;
Cenu Kichs;Fuchs Landing;Gallium;4939;4994;;;128;Med;2015-01-28T04:14:08+00:00;
Cenu Kichs;Fuchs Landing;Gold;9233;9234;;;373;Med;2015-01-28T04:14:08+00:00;
Cenu Kichs;Fuchs Landing;Indium;5661;5723;;;1148;Med;2015-01-28T04:14:08+00:00;
Cenu Kichs;Fuchs Landing;Lithium;1405;1439;;;3204;Med;2015-01-28T04:14:08+00:00;
Cenu Kichs;Fuchs Landing;Palladium;13147;13148;;;202;Med;2015-01-28T04:14:08+00:00;
Cenu Kichs;Fuchs Landing;Silver;4559;4610;;;466;Med;2015-01-28T04:14:08+00:00;
Cenu Kichs;Fuchs Landing;Tantalum;3716;3758;;;1564;Med;2015-01-28T04:14:08+00:00;
Cenu Kichs;Fuchs Landing;Titanium;879;902;;;4586;Med;2015-01-28T04:14:08+00:00;
Cenu Kichs;Fuchs Landing;Uranium;2465;2494;;;213;Med;2015-01-28T04:14:08+00:00;
Cenu Kichs;Fuchs Landing;Bauxite;186;;26459;Med;;;2015-01-28T04:14:08+00:00;
Cenu Kichs;Fuchs Landing;Bertrandite;2453;;998;Low;;;2015-01-28T04:14:08+00:00;
Cenu Kichs;Fuchs Landing;Coltan;1378;;1583;Low;;;2015-01-28T04:14:08+00:00;
Cenu Kichs;Fuchs Landing;Gallite;1894;;1225;Low;;;2015-01-28T04:14:15+00:00;
Cenu Kichs;Fuchs Landing;Indite;2154;;1105;Low;;;2015-01-28T04:14:15+00:00;
Cenu Kichs;Fuchs Landing;Lepidolite;593;;3246;Low;;;2015-01-28T04:14:15+00:00;
Cenu Kichs;Fuchs Landing;Rutile;332;;5709;Low;;;2015-01-28T04:14:15+00:00;
Cenu Kichs;Fuchs Landing;Uraninite;772;792;;;12885;Med;2015-01-28T04:14:15+00:00;
Cenu Kichs;Fuchs Landing;Advanced Catalysers;3349;;3603;High;;;2015-01-28T04:14:15+00:00;
Cenu Kichs;Fuchs Landing;Bioreducing Lichen;1240;;10554;High;;;2015-01-28T04:14:15+00:00;
Cenu Kichs;Fuchs Landing;H.E. Suits;427;;9673;High;;;2015-01-28T04:14:15+00:00;
Cenu Kichs;Fuchs Landing;Resonating Separators;6643;;2049;High;;;2015-01-28T04:14:15+00:00;
Cenu Kichs;Fuchs Landing;Synthetic Fabrics;101;113;;;2622;Med;2015-01-28T04:14:15+00:00;
Cenu Kichs;Fuchs Landing;Biowaste;15;20;;;180;Med;2015-01-28T04:14:15+00:00;
Cenu Kichs;Fuchs Landing;Chemical Waste;108;;621;High;;;2015-01-28T04:14:15+00:00;
Cenu Kichs;Fuchs Landing;Scrap;71;;259;Low;;;2015-01-28T04:14:15+00:00;
Cenu Kichs;Fuchs Landing;Non-Lethal Weapons;2093;;10;High;;;2015-01-28T04:14:15+00:00;
Cenu Kichs;Fuchs Landing;Personal Weapons;4676;;60;High;;;2015-01-28T04:14:18+00:00;
Cenu Kichs;Fuchs Landing;Reactive Armour;2361;;26;High;;;2015-01-28T04:14:18+00:00;
Undines;Cayley Freeport;Explosives;191;205;;;3268;Med;2015-01-28T04:23:11+00:00;
Undines;Cayley Freeport;Hydrogen Fuel;102;106;;;3955;Med;2015-01-28T04:23:11+00:00;
Undines;Cayley Freeport;Mineral Oil;195;;642;Low;;;2015-01-28T04:23:11+00:00;
Undines;Cayley Freeport;Clothing;319;;57;Low;;;2015-01-28T04:23:11+00:00;
Undines;Cayley Freeport;Consumer Technology;7306;;139;High;;;2015-01-28T04:23:11+00:00;
Undines;Cayley Freeport;Domestic Appliances;533;;30;Low;;;2015-01-28T04:23:11+00:00;
Undines;Cayley Freeport;Animal Meat;1388;;7;Low;;;2015-01-28T04:23:11+00:00;
Undines;Cayley Freeport;Coffee;1388;;9;Low;;;2015-01-28T04:23:11+00:00;
Undines;Cayley Freeport;Fish;408;;31;Low;;;2015-01-28T04:23:11+00:00;
Undines;Cayley Freeport;Food Cartridges;143;;27;Low;;;2015-01-28T04:23:11+00:00;
Undines;Cayley Freeport;Fruit and Vegetables;319;;33;Low;;;2015-01-28T04:23:11+00:00;
Undines;Cayley Freeport;Grain;210;;96;Low;;;2015-01-28T04:23:11+00:00;
Undines;Cayley Freeport;Synthetic Meat;255;;21;Low;;;2015-01-28T04:23:11+00:00;
Undines;Cayley Freeport;Tea;1570;;7;Low;;;2015-01-28T04:23:11+00:00;
Undines;Cayley Freeport;Polymers;56;67;;;13000;Med;2015-01-28T04:23:16+00:00;
Undines;Cayley Freeport;Semiconductors;724;744;;;1758;Med;2015-01-28T04:23:16+00:00;
Undines;Cayley Freeport;Superconductors;6308;6377;;;3584;Med;2015-01-28T04:23:16+00:00;
Undines;Cayley Freeport;Beer;177;;91;Low;;;2015-01-28T04:23:16+00:00;
Undines;Cayley Freeport;Liquor;631;;12;Low;;;2015-01-28T04:23:16+00:00;
Undines;Cayley Freeport;Narcotics;177;;21;Low;;;2015-01-28T04:23:16+00:00;
Undines;Cayley Freeport;Tobacco;5049;;290;Med;;;2015-01-28T04:23:16+00:00;
Undines;Cayley Freeport;Wine;255;;30;Low;;;2015-01-28T04:23:16+00:00;
Undines;Cayley Freeport;Microbial Furnaces;325;;56940;High;;;2015-01-28T04:23:16+00:00;
Undines;Cayley Freeport;Power Generators;533;;138;Low;;;2015-01-28T04:23:16+00:00;
Undines;Cayley Freeport;Water Purifiers;304;;24;Low;;;2015-01-28T04:23:16+00:00;
Undines;Cayley Freeport;Basic Medicines;319;;22;Low;;;2015-01-28T04:23:16+00:00;
Undines;Cayley Freeport;Combat Stabilisers;3048;;13;Med;;;2015-01-28T04:23:16+00:00;
Undines;Cayley Freeport;Performance Enhancers;7305;;287;High;;;2015-01-28T04:23:16+00:00;
Undines;Cayley Freeport;Progenitor Cells;6871;;1;Low;;;2015-01-28T04:23:22+00:00;
Undines;Cayley Freeport;Aluminium;216;231;;;4424;Med;2015-01-28T04:23:22+00:00;
Undines;Cayley Freeport;Beryllium;7912;7997;;;303;Med;2015-01-28T04:23:22+00:00;
Undines;Cayley Freeport;Cobalt;545;568;;;2157;Med;2015-01-28T04:23:22+00:00;
Undines;Cayley Freeport;Copper;346;362;;;30938;Med;2015-01-28T04:23:22+00:00;
Undines;Cayley Freeport;Gallium;4804;4857;;;436;Med;2015-01-28T04:23:22+00:00;
Undines;Cayley Freeport;Gold;9072;9072;;;370;Med;2015-01-28T04:23:22+00:00;
Undines;Cayley Freeport;Indium;5530;5591;;;3972;Med;2015-01-28T04:23:22+00:00;
Undines;Cayley Freeport;Lithium;1348;1381;;;11092;Med;2015-01-28T04:23:22+00:00;
Undines;Cayley Freeport;Silver;4449;4498;;;464;Med;2015-01-28T04:23:22+00:00;
Undines;Cayley Freeport;Tantalum;3614;3655;;;5412;Med;2015-01-28T04:23:22+00:00;
Undines;Cayley Freeport;Titanium;836;858;;;15882;Med;2015-01-28T04:23:22+00:00;
Undines;Cayley Freeport;Uranium;2374;2401;;;730;Med;2015-01-28T04:23:22+00:00;
Undines;Cayley Freeport;Bauxite;154;;3226;Low;;;2015-01-28T04:23:22+00:00;
Undines;Cayley Freeport;Bertrandite;2467;;384;Low;;;2015-01-28T04:23:22+00:00;
Undines;Cayley Freeport;Coltan;1386;;609;Low;;;2015-01-28T04:23:22+00:00;
Undines;Cayley Freeport;Gallite;1904;;471;Low;;;2015-01-28T04:23:27+00:00;
Undines;Cayley Freeport;Indite;2166;;425;Low;;;2015-01-28T04:23:27+00:00;
Undines;Cayley Freeport;Lepidolite;596;;1249;Low;;;2015-01-28T04:23:27+00:00;
Undines;Cayley Freeport;Rutile;334;;2197;Low;;;2015-01-28T04:23:27+00:00;
Undines;Cayley Freeport;Uraninite;899;;131;Low;;;2015-01-28T04:23:27+00:00;
Undines;Cayley Freeport;Imperial Slaves;17484;;556;High;;;2015-01-28T04:23:27+00:00;
Undines;Cayley Freeport;Slaves;10681;10681;;;1087;Med;2015-01-28T04:23:27+00:00;
Undines;Cayley Freeport;Advanced Catalysers;3318;;9706;High;;;2015-01-28T04:23:27+00:00;
Undines;Cayley Freeport;H.E. Suits;278;;270;Low;;;2015-01-28T04:23:27+00:00;
Undines;Cayley Freeport;Resonating Separators;6602;;5520;High;;;2015-01-28T04:23:27+00:00;
Undines;Cayley Freeport;Synthetic Fabrics;90;101;;;9080;Med;2015-01-28T04:23:27+00:00;
Undines;Cayley Freeport;Biowaste;13;17;;;514;Med;2015-01-28T04:23:27+00:00;
Undines;Cayley Freeport;Chemical Waste;103;;1672;High;;;2015-01-28T04:23:27+00:00;
Undines;Cayley Freeport;Scrap;71;;99;Low;;;2015-01-28T04:23:27+00:00;
Undines;Cayley Freeport;Non-Lethal Weapons;1891;;7;Low;;;2015-01-28T04:23:31+00:00;
Undines;Cayley Freeport;Personal Weapons;4346;;7;Low;;;2015-01-28T04:23:31+00:00;
Undines;Cayley Freeport;Reactive Armour;2145;;5;Low;;;2015-01-28T04:23:31+00:00;
LTT 8419;Aguirre Orbital;Explosives;360;;11563;Med;;;2015-01-28T04:32:34+00:00;
LTT 8419;Aguirre Orbital;Hydrogen Fuel;90;93;;;18742;High;2015-01-28T04:32:34+00:00;
LTT 8419;Aguirre Orbital;Mineral Oil;327;;52026;High;;;2015-01-28T04:32:34+00:00;
LTT 8419;Aguirre Orbital;Clothing;417;;4194;Med;;;2015-01-28T04:32:34+00:00;
LTT 8419;Aguirre Orbital;Consumer Technology;7533;;803;High;;;2015-01-28T04:32:34+00:00;
LTT 8419;Aguirre Orbital;Domestic Appliances;530;;439;Low;;;2015-01-28T04:32:34+00:00;
LTT 8419;Aguirre Orbital;Animal Meat;1641;;1590;High;;;2015-01-28T04:32:34+00:00;
LTT 8419;Aguirre Orbital;Coffee;1641;;409;High;;;2015-01-28T04:32:34+00:00;
LTT 8419;Aguirre Orbital;Fish;586;;4460;High;;;2015-01-28T04:32:34+00:00;
LTT 8419;Aguirre Orbital;Food Cartridges;174;;80;Low;;;2015-01-28T04:32:34+00:00;
LTT 8419;Aguirre Orbital;Fruit and Vegetables;477;;1472;High;;;2015-01-28T04:32:34+00:00;
LTT 8419;Aguirre Orbital;Grain;344;;9660;High;;;2015-01-28T04:32:34+00:00;
LTT 8419;Aguirre Orbital;Synthetic Meat;398;;951;High;;;2015-01-28T04:32:34+00:00;
LTT 8419;Aguirre Orbital;Tea;1841;;1445;High;;;2015-01-28T04:32:34+00:00;
LTT 8419;Aguirre Orbital;Polymers;63;76;;;2940;Med;2015-01-28T04:32:44+00:00;
LTT 8419;Aguirre Orbital;Semiconductors;762;782;;;390;Med;2015-01-28T04:32:44+00:00;
LTT 8419;Aguirre Orbital;Superconductors;6443;6513;;;330;Med;2015-01-28T04:32:44+00:00;
LTT 8419;Aguirre Orbital;Beer;306;;6245;High;;;2015-01-28T04:32:44+00:00;
LTT 8419;Aguirre Orbital;Liquor;836;;353;High;;;2015-01-28T04:32:44+00:00;
LTT 8419;Aguirre Orbital;Narcotics;215;;11;Low;;;2015-01-28T04:32:44+00:00;
LTT 8419;Aguirre Orbital;Tobacco;5494;;550;High;;;2015-01-28T04:32:44+00:00;
LTT 8419;Aguirre Orbital;Wine;398;;7414;High;;;2015-01-28T04:32:44+00:00;
LTT 8419;Aguirre Orbital;Microbial Furnaces;335;;164705;High;;;2015-01-28T04:32:44+00:00;
LTT 8419;Aguirre Orbital;Mineral Extractors;592;;2969;Low;;;2015-01-28T04:32:44+00:00;
LTT 8419;Aguirre Orbital;Power Generators;541;;3519;Low;;;2015-01-28T04:32:44+00:00;
LTT 8419;Aguirre Orbital;Water Purifiers;302;;612;Low;;;2015-01-28T04:32:44+00:00;
LTT 8419;Aguirre Orbital;Basic Medicines;356;;77;Low;;;2015-01-28T04:32:44+00:00;
LTT 8419;Aguirre Orbital;Combat Stabilisers;3207;;19;High;;;2015-01-28T04:32:44+00:00;
LTT 8419;Aguirre Orbital;Performance Enhancers;7533;;1108;High;;;2015-01-28T04:32:52+00:00;
LTT 8419;Aguirre Orbital;Progenitor Cells;7533;;441;High;;;2015-01-28T04:32:52+00:00;
LTT 8419;Aguirre Orbital;Aluminium;234;250;;;99675;Med;2015-01-28T04:32:52+00:00;
LTT 8419;Aguirre Orbital;Beryllium;7922;8008;;;6931;Med;2015-01-28T04:32:52+00:00;
LTT 8419;Aguirre Orbital;Cobalt;576;600;;;6001;Med;2015-01-28T04:32:52+00:00;
LTT 8419;Aguirre Orbital;Copper;370;387;;;69610;Med;2015-01-28T04:32:52+00:00;
LTT 8419;Aguirre Orbital;Gallium;4913;4968;;;9901;Med;2015-01-28T04:32:52+00:00;
LTT 8419;Aguirre Orbital;Gold;9226;9227;;;1037;Med;2015-01-28T04:32:52+00:00;
LTT 8419;Aguirre Orbital;Indium;5655;5717;;;8941;Med;2015-01-28T04:32:52+00:00;
LTT 8419;Aguirre Orbital;Lithium;1403;1438;;;24964;Med;2015-01-28T04:32:52+00:00;
LTT 8419;Aguirre Orbital;Palladium;13138;13138;;;150;Med;2015-01-28T04:32:52+00:00;
LTT 8419;Aguirre Orbital;Silver;4556;4607;;;1296;Med;2015-01-28T04:32:52+00:00;
LTT 8419;Aguirre Orbital;Tantalum;3713;3755;;;1230;Med;2015-01-28T04:32:52+00:00;
LTT 8419;Aguirre Orbital;Titanium;878;901;;;35735;Med;2015-01-28T04:32:52+00:00;
LTT 8419;Aguirre Orbital;Uranium;2449;2478;;;16562;Med;2015-01-28T04:32:52+00:00;
LTT 8419;Aguirre Orbital;Bauxite;275;;254240;High;;;2015-01-28T04:32:57+00:00;
LTT 8419;Aguirre Orbital;Bertrandite;2450;;1165;Low;;;2015-01-28T04:32:57+00:00;
LTT 8419;Aguirre Orbital;Coltan;1664;;42711;Med;;;2015-01-28T04:32:57+00:00;
LTT 8419;Aguirre Orbital;Gallite;1892;;1433;Low;;;2015-01-28T04:32:57+00:00;
LTT 8419;Aguirre Orbital;Indite;2516;;29143;Med;;;2015-01-28T04:32:57+00:00;
LTT 8419;Aguirre Orbital;Lepidolite;745;;79400;Med;;;2015-01-28T04:32:57+00:00;
LTT 8419;Aguirre Orbital;Rutile;332;;6670;Low;;;2015-01-28T04:32:57+00:00;
LTT 8419;Aguirre Orbital;Uraninite;893;;2652;Low;;;2015-01-28T04:32:57+00:00;
LTT 8419;Aguirre Orbital;Imperial Slaves;17368;;1854;High;;;2015-01-28T04:32:57+00:00;
LTT 8419;Aguirre Orbital;Advanced Catalysers;3346;;28077;High;;;2015-01-28T04:32:57+00:00;
LTT 8419;Aguirre Orbital;Bioreducing Lichen;1239;;7881;High;;;2015-01-28T04:32:57+00:00;
LTT 8419;Aguirre Orbital;H.E. Suits;426;;26990;High;;;2015-01-28T04:32:57+00:00;
LTT 8419;Aguirre Orbital;Resonating Separators;6636;;2412;High;;;2015-01-28T04:32:57+00:00;
LTT 8419;Aguirre Orbital;Synthetic Fabrics;101;113;;;2040;Med;2015-01-28T04:32:57+00:00;
LTT 8419;Aguirre Orbital;Biowaste;11;14;;;909;High;2015-01-28T04:32:59+00:00;
LTT 8419;Aguirre Orbital;Chemical Waste;108;;4836;High;;;2015-01-28T04:32:59+00:00;
LTT 8419;Aguirre Orbital;Scrap;71;;2022;Low;;;2015-01-28T04:32:59+00:00;
LTT 8419;Aguirre Orbital;Non-Lethal Weapons;2091;;29;High;;;2015-01-28T04:32:59+00:00;
LTT 8419;Aguirre Orbital;Personal Weapons;4317;;42;Low;;;2015-01-28T04:32:59+00:00;
LTT 8419;Aguirre Orbital;Reactive Armour;2359;;70;High;;;2015-01-28T04:32:59+00:00;
LTT 8419;Stableford Settlement;Explosives;393;;15851;Med;;;2015-01-28T04:38:27+00:00;
LTT 8419;Stableford Settlement;Hydrogen Fuel;90;93;;;15747;High;2015-01-28T04:38:27+00:00;
LTT 8419;Stableford Settlement;Mineral Oil;327;;37236;High;;;2015-01-28T04:38:27+00:00;
LTT 8419;Stableford Settlement;Clothing;405;;3269;Med;;;2015-01-28T04:38:27+00:00;
LTT 8419;Stableford Settlement;Consumer Technology;7533;;675;High;;;2015-01-28T04:38:27+00:00;
LTT 8419;Stableford Settlement;Domestic Appliances;530;;369;Low;;;2015-01-28T04:38:27+00:00;
LTT 8419;Stableford Settlement;Animal Meat;1641;;1335;High;;;2015-01-28T04:38:27+00:00;
LTT 8419;Stableford Settlement;Coffee;1554;;344;High;;;2015-01-28T04:38:27+00:00;
LTT 8419;Stableford Settlement;Fish;586;;3748;High;;;2015-01-28T04:38:27+00:00;
LTT 8419;Stableford Settlement;Food Cartridges;174;;67;Low;;;2015-01-28T04:38:27+00:00;
LTT 8419;Stableford Settlement;Fruit and Vegetables;477;;1238;High;;;2015-01-28T04:38:27+00:00;
LTT 8419;Stableford Settlement;Grain;344;;8116;High;;;2015-01-28T04:38:27+00:00;
LTT 8419;Stableford Settlement;Synthetic Meat;398;;800;High;;;2015-01-28T04:38:27+00:00;
LTT 8419;Stableford Settlement;Tea;1841;;1214;High;;;2015-01-28T04:38:27+00:00;
LTT 8419;Stableford Settlement;Polymers;63;76;;;2105;Med;2015-01-28T04:38:32+00:00;
LTT 8419;Stableford Settlement;Semiconductors;769;789;;;279;Med;2015-01-28T04:38:32+00:00;
LTT 8419;Stableford Settlement;Superconductors;6470;6540;;;236;Med;2015-01-28T04:38:32+00:00;
LTT 8419;Stableford Settlement;Beer;306;;5246;High;;;2015-01-28T04:38:32+00:00;
LTT 8419;Stableford Settlement;Liquor;787;;293;Med;;;2015-01-28T04:38:32+00:00;
LTT 8419;Stableford Settlement;Narcotics;215;;9;Low;;;2015-01-28T04:38:32+00:00;
LTT 8419;Stableford Settlement;Tobacco;5494;;462;High;;;2015-01-28T04:38:32+00:00;
LTT 8419;Stableford Settlement;Wine;398;;6230;High;;;2015-01-28T04:38:32+00:00;
LTT 8419;Stableford Settlement;Microbial Furnaces;335;;117880;High;;;2015-01-28T04:38:32+00:00;
LTT 8419;Stableford Settlement;Mineral Extractors;592;;4070;Low;;;2015-01-28T04:38:32+00:00;
LTT 8419;Stableford Settlement;Power Generators;530;;2094;Low;;;2015-01-28T04:38:32+00:00;
LTT 8419;Stableford Settlement;Water Purifiers;302;;514;Low;;;2015-01-28T04:38:32+00:00;
LTT 8419;Stableford Settlement;Basic Medicines;356;;65;Low;;;2015-01-28T04:38:32+00:00;
LTT 8419;Stableford Settlement;Combat Stabilisers;3207;;15;High;;;2015-01-28T04:38:32+00:00;
LTT 8419;Stableford Settlement;Performance Enhancers;7533;;931;High;;;2015-01-28T04:38:39+00:00;
LTT 8419;Stableford Settlement;Progenitor Cells;7298;;371;High;;;2015-01-28T04:38:39+00:00;
LTT 8419;Stableford Settlement;Aluminium;234;250;;;71338;Med;2015-01-28T04:38:39+00:00;
LTT 8419;Stableford Settlement;Beryllium;7922;8008;;;4961;Med;2015-01-28T04:38:39+00:00;
LTT 8419;Stableford Settlement;Cobalt;576;600;;;5042;Med;2015-01-28T04:38:39+00:00;
LTT 8419;Stableford Settlement;Copper;370;387;;;49820;Med;2015-01-28T04:38:39+00:00;
LTT 8419;Stableford Settlement;Gallium;4913;4968;;;7086;Med;2015-01-28T04:38:39+00:00;
LTT 8419;Stableford Settlement;Gold;9227;9227;;;871;Med;2015-01-28T04:38:39+00:00;
LTT 8419;Stableford Settlement;Indium;5655;5717;;;6399;Med;2015-01-28T04:38:39+00:00;
LTT 8419;Stableford Settlement;Lithium;1403;1438;;;17866;Med;2015-01-28T04:38:39+00:00;
LTT 8419;Stableford Settlement;Palladium;13135;13136;;;206;Med;2015-01-28T04:38:39+00:00;
LTT 8419;Stableford Settlement;Silver;4556;4606;;;1089;Med;2015-01-28T04:38:39+00:00;
LTT 8419;Stableford Settlement;Tantalum;3713;3755;;;880;Med;2015-01-28T04:38:39+00:00;
LTT 8419;Stableford Settlement;Titanium;878;901;;;25576;Med;2015-01-28T04:38:39+00:00;
LTT 8419;Stableford Settlement;Uranium;2449;2478;;;11854;Med;2015-01-28T04:38:39+00:00;
LTT 8419;Stableford Settlement;Bauxite;273;;179951;High;;;2015-01-28T04:38:44+00:00;
LTT 8419;Stableford Settlement;Bertrandite;2376;2404;;;6717;Med;2015-01-28T04:38:44+00:00;
LTT 8419;Stableford Settlement;Coltan;1632;;28683;Med;;;2015-01-28T04:38:44+00:00;
LTT 8419;Stableford Settlement;Gallite;1847;1869;;;4802;Med;2015-01-28T04:38:44+00:00;
LTT 8419;Stableford Settlement;Indite;2470;;19349;Med;;;2015-01-28T04:38:44+00:00;
LTT 8419;Stableford Settlement;Lepidolite;698;;50625;Med;;;2015-01-28T04:38:44+00:00;
LTT 8419;Stableford Settlement;Rutile;332;;4774;Low;;;2015-01-28T04:38:44+00:00;
LTT 8419;Stableford Settlement;Uraninite;893;;1898;Low;;;2015-01-28T04:38:44+00:00;
LTT 8419;Stableford Settlement;Imperial Slaves;17368;;1557;High;;;2015-01-28T04:38:44+00:00;
LTT 8419;Stableford Settlement;Advanced Catalysers;3346;;20094;High;;;2015-01-28T04:38:44+00:00;
LTT 8419;Stableford Settlement;Bioreducing Lichen;1239;;3240;High;;;2015-01-28T04:38:44+00:00;
LTT 8419;Stableford Settlement;H.E. Suits;426;;19162;High;;;2015-01-28T04:38:44+00:00;
LTT 8419;Stableford Settlement;Resonating Separators;6636;;1726;High;;;2015-01-28T04:38:44+00:00;
LTT 8419;Stableford Settlement;Synthetic Fabrics;101;113;;;1460;Med;2015-01-28T04:38:44+00:00;
LTT 8419;Stableford Settlement;Biowaste;11;14;;;764;High;2015-01-28T04:38:48+00:00;
LTT 8419;Stableford Settlement;Chemical Waste;108;;3462;High;;;2015-01-28T04:38:48+00:00;
LTT 8419;Stableford Settlement;Scrap;71;;1447;Low;;;2015-01-28T04:38:48+00:00;
LTT 8419;Stableford Settlement;Non-Lethal Weapons;2091;;25;High;;;2015-01-28T04:38:48+00:00;
LTT 8419;Stableford Settlement;Personal Weapons;4317;;35;Low;;;2015-01-28T04:38:48+00:00;
LTT 8419;Stableford Settlement;Reactive Armour;2359;;58;High;;;2015-01-28T04:38:48+00:00;